"","hazKM","Time","AtRisk","Events","hazLT","lnTime","MyId","EventsL","surv","timedelta","exp","weibull","gamma","lnorm","gompertz","llogis","gengamma","genf","FP1-1","FP1-2","FP2-1","FP2-2","RCS1","RCS2","RP-hazard-1","RP-hazard-2","RP-odds-1","RP-odds-2","RP-normal-1","RP-normal-2"
"1",0.0193548387096774,0.0416666666666667,310,6,0.0195439739413681,-3.17805383034795,1,0,0.980645161290323,0.0833333333333333,0.0215337180547752,0.0809548387201449,0.072302030046697,0.071254222951421,0.0725095467094854,0.0805550289442599,0.0100056415617878,0.0138068737549944,0.0926365655369825,0.10875526122434,0.0143286396606169,0.0104311395250684,0.082409195092074,0.0407639842393912,0.0137781202411255,0.0167331169296719,0.0131475496592005,0.0162969849475358,0.012987259830494,0.0163452326976469
"2",0.0379310344827586,0.125,290,11,0.0386643233743409,-2.07944154167984,2,6,0.943448275862069,0.0833333333333333,0.0215337180547752,0.0506788047122941,0.0441381015567808,0.0602457791870763,0.0676362458788398,0.0603702227123313,0.0954022534589622,0.0611304819563109,0.0727705787438095,0.0612916412990641,0.0806667490570838,0.0952543331526849,0.0741303009908015,0.0540414290252348,0.052051145166895,0.0599406474657371,0.0521143814916304,0.0586800455697288,0.0581990910427209,0.0609627655171438
"3",0.130518234165067,0.208333333333333,260.5,34,0.139630390143737,-1.56861591791385,3,11,0.820311072870475,0.0833333333333333,0.0215337180547752,0.0407608377079588,0.0354337651792839,0.0516928068231098,0.0630904751744151,0.0515554849890292,0.086437711083588,0.118271849164043,0.0615424418149204,0.0467462868579424,0.0914147920646862,0.0970963158703556,0.0666907277335884,0.0683087409791109,0.175796029347678,0.136779497229979,0.179042684646163,0.142408980599787,0.177058852858304,0.143900500930193
"4",0.128735632183908,0.291666666666667,217.5,28,0.137592137592138,-1.23214368129263,4,34,0.714707808317034,0.0833333333333333,0.0215337180547752,0.0353136573527127,0.030797944231695,0.0456758228743913,0.0588502215936672,0.0459120880080714,0.0711034271175023,0.0861321158592248,0.0536676157574365,0.0390661983128019,0.0843165949259121,0.082925111594762,0.0600430354574502,0.0787352914673457,0.108636711167008,0.1332150861448,0.105968734524796,0.132403278051517,0.0985686448307249,0.123798610458183
"5",0.0634920634920635,0.375,189,12,0.0655737704918033,-0.980829253011726,5,28,0.669329534773096,0.0833333333333333,0.0215337180547752,0.0317256051357895,0.0278102158647845,0.0411916101800285,0.0548949516079761,0.0417899125526581,0.0591738996880428,0.066991655443311,0.0476547020396751,0.0341500838612256,0.0739453922949141,0.0692679368788819,0.0541334717455004,0.0816671380981728,0.0463279586883732,0.0722743011023778,0.0479615296658972,0.0689890547308485,0.0501288888531842,0.0653232358739852
"6",0.0738636363636364,0.458333333333333,176,13,0.0766961651917404,-0.780158557549575,6,12,0.619890421409174,0.0833333333333333,0.0215337180547752,0.0291242133642328,0.0256809454413614,0.0376920068563491,0.0512055117285457,0.0385655764358581,0.0503170858995417,0.0548113544546954,0.0428398760298153,0.0306655809946295,0.0640559059972953,0.0582254082033457,0.0489016483661372,0.0778485722100154,0.0496168885031643,0.0419649124559293,0.0498702875747407,0.0410285807683829,0.050563880243081,0.0412564539701349
"7",0.00617283950617284,0.541666666666667,162,1,0.00619195046439629,-0.613104472886409,7,13,0.616063937326401,0.0833333333333333,0.0215337180547752,0.0271220720592154,0.0240654297686024,0.034865734131755,0.0477640357551797,0.0359347513134742,0.0436278622362238,0.046378838384743,0.0388633033342926,0.0280336162939337,0.0554901284664965,0.0495482892478876,0.0442696185690792,0.0697240168422378,0.0488535638512845,0.034529540166672,0.0482664478052876,0.0353208761795092,0.048196524492939,0.0365114803736506
"8",0.0434782608695652,0.625,161,7,0.0444444444444444,-0.470003629245736,8,1,0.589278548746992,0.0833333333333333,0.0215337180547752,0.0255168260077964,0.0227860373247262,0.0325231866507854,0.0445538582587832,0.0337255033975645,0.0384442181749926,0.0401949932667773,0.0355061495012457,0.0259570037828088,0.0482843008610787,0.0427058679446124,0.0401620831074843,0.0599777754080505,0.0454414206415205,0.035771799876875,0.0445775447842542,0.0371798315395628,0.044282217443152,0.0380837059585532
"9",0.0454545454545455,0.708333333333333,154,7,0.0465116279069767,-0.344840486291729,9,7,0.562493160167584,0.0833333333333333,0.0215337180547752,0.0241908841297877,0.0217407018539671,0.0305417753412117,0.0415594338786265,0.0318309765345272,0.0343280046921611,0.0354661705295093,0.0326247637509479,0.024265620990603,0.0422665639132266,0.0372442756906635,0.0365136790774908,0.0506733885094978,0.0404856201444397,0.0355350642239396,0.0398567381248266,0.0370383960939238,0.0396804261881754,0.0377025255265394
"10",0.0340136054421769,0.791666666666667,147,5,0.0346020761245675,-0.233614851181505,10,7,0.54336073975372,0.0833333333333333,0.0215337180547752,0.0230705243946636,0.0208660532909066,0.0288383404242266,0.038766262043567,0.0301801301539111,0.0309889131872736,0.03173288942114,0.030119543027363,0.0228542047481087,0.0372346887654831,0.0328231474584115,0.0332676674861888,0.042865487599452,0.0354585334373533,0.0342561441287301,0.0352306419932806,0.0355973764366962,0.0352653383496048,0.0360873680866788
"11",0.028169014084507,0.875,142,4,0.0285714285714286,-0.133531392624523,11,5,0.528054803422629,0.0833333333333333,0.0215337180547752,0.0221068187269411,0.0201203926422515,0.0273542348006509,0.0361608167526888,0.0287233030992008,0.0282302495159781,0.0287107094762695,0.0279185154764057,0.0216537062158872,0.0330068252624095,0.0291946401922515,0.0303747746657183,0.0364572476757304,0.0312785225699555,0.0323214825317246,0.0313230588713895,0.0333874711974319,0.0315044218760443,0.0337561785732484
"12",0.0652173913043478,0.958333333333333,138,9,0.0674157303370786,-0.0425596144187959,12,4,0.493616446677675,0.0833333333333333,0.0215337180547752,0.0212658198826207,0.0194750094449338,0.0260467590455699,0.0337304810753228,0.0274244039623534,0.0259151977839257,0.0262141260435504,0.0259679680848101,0.020616720872083,0.0294322044862889,0.0261783576145167,0.0277921830785023,0.0311769631282326,0.0277797483395152,0.0299724542959546,0.027996803765831,0.0307342436625578,0.0282726220837913,0.0310209827553764
"13",0.0155038759689922,1.04166666666667,129,2,0.015625,0.0408219945202552,13,9,0.48596347851213,0.0833333333333333,0.0215337180547752,0.0205231202596556,0.0189094044347731,0.024883988269275,0.0314634860532598,0.0262563780706699,0.0239461374904601,0.0241169959600663,0.0242267586931902,0.0197094917690279,0.0263895249178648,0.0236417262529446,0.0254826555779846,0.0268082650089652,0.0248308975936466,0.027371071151843,0.0251438037779151,0.0278476738320061,0.025473092095909,0.0280796256317806
"14",0.0078740157480315,1.125,127,1,0.00790513833992095,0.117783035656383,14,2,0.482136994429357,0.0833333333333333,0.0215337180547752,0.019860650363521,0.018408498026268,0.0238415117453588,0.0293488537092916,0.0251984258491262,0.0222517714798834,0.0223305518148762,0.0226626923159115,0.0189072478502689,0.0237821891761649,0.021486033391966,0.0234137776063627,0.0231786782610669,0.0223287106139519,0.0247064448446311,0.0226790736032941,0.0249453787893888,0.023030292273916,0.0251398077775127
"15",0.00793650793650794,1.20833333333333,126,1,0.00796812749003984,0.189241999638528,15,1,0.478310510346585,0.0833333333333333,0.0215337180547752,0.0192647019130325,0.0179609174223885,0.0229003025201431,0.0273763438860951,0.0242342171381791,0.020778926151783,0.0207905137586779,0.0212501194481599,0.0181913498981079,0.0215333762191261,0.0196367446286721,0.0215573027763409,0.0201504726428699,0.0201918273913896,0.0223528655109743,0.0205354553322508,0.0224183091365505,0.0208846900523837,0.0225850319696915
"16",0.016,1.29166666666667,125,2,0.0161290322580645,0.255933374137201,16,1,0.470657542181039,0.0833333333333333,0.0215337180547752,0.0187246572399374,0.0175579020467999,0.0220452816567596,0.025536404658028,0.0233507012660131,0.0194871965323887,0.0194491902903761,0.01996829107187,0.0175474705899288,0.0195818101700118,0.0180368024901556,0.019888588529536,0.0176134058094272,0.0183558279441645,0.020301207215897,0.0186595114655464,0.020243455130672,0.018988874193837,0.0203886882106328
"17",0.016260162601626,1.375,123,2,0.0163934426229508,0.318453731118535,17,2,0.463004574015494,0.0833333333333333,0.0215337180547752,0.0182321445489812,0.017192579721373,0.0212643243934274,0.0238201260757018,0.0225372888106916,0.0183453640251104,0.0182704514848987,0.0188002002034072,0.0169643933997843,0.0178783635062884,0.0166419535368596,0.0183861099171644,0.0154789942389317,0.0167693836383019,0.0185045762997334,0.0170083921723668,0.0183611488925299,0.0173047025333861,0.0184890275393302
"18",0.0247933884297521,1.45833333333333,121,3,0.0251046025104603,0.377294231141468,18,2,0.451525121767176,0.0833333333333333,0.0215337180547752,0.0177804598092566,0.0168594737719081,0.020547555950173,0.0222191970193405,0.0217852736663847,0.0173289455851933,0.0172264256857617,0.0177317464263742,0.016433196249064,0.0163834055134232,0.0154174526782538,0.0170310409015758,0.0136760017795657,0.0153887847713502,0.0169244402289904,0.0155520809711713,0.0167232699118347,0.0158085878371148,0.0168366474332955
"19",0.00847457627118644,1.54166666666667,118,1,0.00851063829787234,0.432864082296279,19,3,0.447698637684403,0.0833333333333333,0.0215337180547752,0.0173641610741336,0.0165541587566127,0.0198868422110887,0.0207258649519858,0.0210874152858885,0.0164184819896501,0.0162952675405854,0.0167511208009784,0.015946682339042,0.015064755532265,0.0143357087867565,0.0158068938664864,0.0121468904953323,0.01417281573282,0.0155290025218432,0.0142766280229117,0.015290831455646,0.0144980251185831,0.0153917575096933
"20",0.00854700854700855,1.625,117,1,0.00858369098712446,0.485507815781701,20,1,0.443872153601631,0.0833333333333333,0.0215337180547752,0.0169787774889323,0.0162730146036241,0.0192754145812969,0.0193328983776527,0.0204376305522302,0.0155983195492359,0.0154596127949143,0.0158483447700013,0.0154989743755858,0.0138961076366473,0.0133745805136019,0.0146992092148855,0.0108450281032327,0.0130962470236001,0.0142919008058957,0.0131551479050165,0.0140320757530542,0.0133461405953869,0.014122086207607
"21",0.00862068965517241,1.70833333333333,116,1,0.00865800865800866,0.535518236356362,21,1,0.440045669518858,0.0833333333333333,0.0215337180547752,0.0166205964856569,0.0160130475536767,0.0187075891418034,0.0180335518226386,0.0198307624410642,0.0148557279721741,0.0147054853415039,0.0150149189531805,0.0150852195334342,0.0128558163678484,0.0125161267404835,0.0136952880108115,0.00973248852107594,0.0121390928248132,0.0131911699471273,0.0121643116936047,0.0129209840188491,0.0123288050413555,0.0130012786684258
"22",0.0260869565217391,1.79166666666667,115,3,0.026431718061674,0.583146285345617,22,1,0.42856621727054,0.0833333333333333,0.0215337180547752,0.0162865054564226,0.0157717574645523,0.0181785533061186,0.016821533170407,0.0192624035823734,0.0141802515232336,0.0140215092791083,0.0142435518222111,0.0147013711529932,0.011925957145444,0.0117456789768438,0.0127839615807066,0.00877831674646154,0.0112847840479791,0.0122084173725731,0.0112849883282904,0.0119361139114357,0.0114262632907217,0.0120076667177269
"23",0.0357142857142857,1.875,112,4,0.0363636363636364,0.628608659422374,23,3,0.413260280939449,0.0833333333333333,0.0215337180547752,0.0159738721313135,0.0155470379282805,0.017684201603101,0.0156909731918635,0.0187287597903217,0.0135632248838688,0.0133983310889258,0.0135279474102151,0.0143440246641831,0.0110915954452486,0.0110511446258905,0.0119553928351849,0.00795715718585383,0.0105194965147193,0.0113281662806749,0.0105013821316803,0.0110596915121748,0.0106222241956246,0.0111233198188363
"24",0,1.95833333333333,108,0,0,0.672093771362113,24,4,0.413260280939449,0.0833333333333333,0.0215337180547752,0.0156804529374488,0.0153371000245288,0.0172210077519906,0.0146363971234747,0.0182265431678676,0.0129974071279675,0.0128281893404608,0.0128626373011369,0.0140102925162231,0.0103402150129491,0.010422477839197,0.011200904810216,0.00724816666664213,0.0098316269624613,0.0105373310383218,0.00980036675594842,0.0102768998834578,0.00990316181987018,0.0103333084479398
"25",0.00925925925925926,2.04166666666667,108,1,0.00930232558139535,0.713766467762681,25,0,0.409433796856677,0.0833333333333333,0.0215337180547752,0.0154043219076228,0.0151404133727704,0.0167859239158648,0.0136526981555958,0.0177528874180289,0.0124767016375536,0.0123045897755441,0.0122428462793101,0.0136977076158055,0.00966126772849769,0.00985127345256481,0.0105128325673861,0.00663415073334112,0.00921138125725625,0.00982479655510709,0.00917096714399581,0.00957531923214031,0.00925777437040723,0.00962512866357851
"26",0.00938967136150235,2.125,106.5,1,0.00943396226415094,0.75377180237638,26,1,0.4055893480599,0.0833333333333333,0.0215337180547752,0.0151438148974556,0.0149556600288213,0.0163763005629587,0.0127351127026238,0.017305280051575,0.011995939386414,0.0118220568431698,0.0116643838786716,0.0134041479048617,0.00904581700537561,0.00933045232329268,0.00988439514623809,0.00610087538995808,0.00865044842318077,0.00918107955736288,0.00860395372872722,0.00894448416252339,0.00867656187786236,0.0089882496243459
"27",0,2.20833333333333,104.5,0,0,0.792238083204176,27,1,0.4055893480599,0.0833333333333333,0.0215337180547752,0.0148974853558415,0.014781698044394,0.015989822132831,0.0118791973352209,0.0168815076064233,0.0115507095267577,0.0113759414905973,0.0111235560818218,0.0131277768217606,0.00848625351933644,0.00885401525825854,0.00930958473787194,0.00563651700079682,0.00814174079754723,0.00859805455187176,0.00809152231588448,0.00837553164870978,0.00815149400485965,0.00841375543541873
"28",0.00961538461538462,2.29166666666667,104,1,0.00966183574879227,0.829279354884525,28,0,0.401689450482401,0.0833333333333333,0.0215337180547752,0.0146640689189101,0.0146175323841425,0.0156244549515331,0.0110808072629029,0.0164796109979111,0.0111372256913741,0.0109622708909393,0.0106170928549692,0.0128669958414515,0.00797606720466633,0.00841684892655156,0.00878307065760697,0.00523122125412665,0.00767918551281786,0.00806873107204245,0.00762703983083174,0.00786091959184587,0.00767574680850582,0.00789405981999373
"29",0,2.375,103,0,0,0.864997437486605,29,1,0.401689450482401,0.0833333333333333,0.0215337180547752,0.0144424548166808,0.0144622915069084,0.0152784047322767,0.0103360762627922,0.0160978488368143,0.0107522195488538,0.0105776298070466,0.0101420882445682,0.0126204063036496,0.00750966328958683,0.00801457153986965,0.00830011604444872,0.00487674844966821,0.00725755610091549,0.00758707174717164,0.00720484104413639,0.00739420056185614,0.00724349266905086,0.00742267737415013
"30",0,2.45833333333333,102,0,0,0.899483613557774,30,0,0.401689450482401,0.0833333333333333,0.0215337180547752,0.014231662593042,0.014315208352148,0.0149500816448068,0.00964139795734236,0.0157346670722152,0.0103928553599382,0.0102190660847739,0.0096959505241397,0.012386778456302,0.00708221300904908,0.00764340922335357,0.00785650551432174,0.00456618730390101,0.00687233567549464,0.0071478430131903,0.00682006502331334,0.00696983890629674,0.00684973151973181,0.00699403906723451
"31",0,2.54166666666667,101,0,0,0.932820033825366,31,0,0.401689450482401,0.0833333333333333,0.0215337180547752,0.0140308230084175,0.0141756047847413,0.0146380714109782,0.00899340835036894,0.0153886736982299,0.010056660866182,0.00988401473773209,0.00927636044585249,0.012165026157315,0.00668953178613128,0.00730009626841918,0.00744848224962295,0.00429372329878987,0.00651960513024237,0.00674649204272383,0.00646852274738738,0.00658306212099609,0.00649015439210244,0.00660334255816305
"32",0.0198019801980198,2.625,101,2,0.02,0.965080896043587,32,0,0.393735203938195,0.0833333333333333,0.0215337180547752,0.0138391622636133,0.0140428787786596,0.0143411112357376,0.00838896953681814,0.0150586175472672,0.00974147098914841,0.00957023649208982,0.00888123607622735,0.0119541860525458,0.0063279792983981,0.00698179411522029,0.0070726932258241,0.00405445057963444,0.00619595127877595,0.00637904483335412,0.00614658932386612,0.00622973943405564,0.00616103242052044,0.00624643007609513
"33",0.0101010101010101,2.70833333333333,99,1,0.0101522842639594,0.996333439547691,33,2,0.389758080666092,0.0833333333333333,0.0215337180547752,0.0136559888820351,0.0139164937873333,0.0140580696461967,0.00782515450738715,0.014743370405477,0.00944538165849805,0.00927576767694858,0.00850870301732148,0.0117534003239447,0.00599437707897889,0.00668602513260502,0.00672614146202396,0.00384421872963283,0.00589839098638147,0.00604202144844983,0.00585111574930329,0.00590628211982608,0.00585912603631409,0.00591968825432033
"34",0,2.79166666666667,98,0,0,1.02663878904302,34,1,0.389758080666092,0.0833333333333333,0.0215337180547752,0.0134806827357304,0.0137959698731297,0.0137879295107841,0.00729923297441208,0.0144419118475818,0.0091667117089926,0.00899887908957701,0.00815706906113716,0.0115619023068618,0.00568594024347105,0.00641061817061929,0.00640614434118875,0.00365950756148962,0.00562430819925968,0.00573236522644223,0.00557935628735779,0.0056095612552239,0.00558161027338636,0.00561996554906604
"35",0,2.875,98,0,0,1.05605267424931,35,0,0.389758080666092,0.0833333333333333,0.0215337180547752,0.0133126858124414,0.0136808762620051,0.0135297736625591,0.00680865815038516,0.0141533163119502,0.00890397125083467,0.00873804201451677,0.00782480251519082,0.0113790044296013,0.00540022065631856,0.00615366354083886,0.00611029718136017,0.00349732448483882,0.0053714014324802,0.00544738341593824,0.0053289083984039,0.00533683954828725,0.005326013007812,0.00534450382210542
"36",0,2.95833333333333,98,0,0,1.08462604669337,36,0,0.389758080666092,0.0833333333333333,0.0215337180547752,0.0131514944058346,0.0135708250604552,0.0132827726678372,0.00635105441507574,0.0138767420322736,0.00865583526782586,0.00849189998593886,0.00751051358520023,0.0112040880451004,0.00513505940805866,0.00591347559400221,0.00583644135479571,0.00335512012085379,0.00513763978313681,0.00518469719737493,0.00509766281199043,0.00508571457646789,0.00509016363992277,0.00509088139236378
"37",0.0102040816326531,3.04166666666667,98,1,0.0102564102564103,1.11240561080045,37,0,0.385780957393989,0.0833333333333333,0.0215337180547752,0.0129966524762789,0.0134654659262892,0.0130461743720761,0.00592420581153296,0.0136114215165668,0.00842112146393234,0.00825924519180356,0.00721293831693622,0.0110365948139345,0.00488854690777205,0.00568856145609873,0.00558263635079067,0.00323071871035043,0.00492122592711495,0.00494219944827013,0.00488376183875471,0.00485407132043799,0.00487215025316984,0.00485696542183339
"38",0,3.125,96.5,0,0,1.13943428318836,38,1,0.385780957393989,0.0833333333333333,0.0215337180547752,0.0128477459799719,0.0133644815267353,0.0128192949259388,0.00552604531526161,0.013356653322554,0.00819877158275857,0.00803899865335546,0.00693092469098651,0.0108760193667249,0.00465898923298447,0.00547759478461636,0.00534713526233074,0.00312226055153665,0.00472056486385595,0.00471801892272076,0.00468556440930597,0.00464004230622798,0.00467028368984547,0.00464087193566799
"39",0.0104712041884817,3.20833333333333,95.5,1,0.0105263157894737,1.16575159150574,39,0,0.381741366217089,0.0833333333333333,0.0215337180547752,0.0127043980035239,0.0132675836500378,0.0126015110502917,0.00515464482460696,0.0131117949246045,0.00798783558186255,0.00783019349352802,0.0066634205371099,0.0107219030275456,0.00444487964442114,0.00527939363888353,0.00512836324887957,0.00302815424894011,0.00453423741351172,0.00451048976490825,0.00450161663169177,0.00444197400268473,0.00448306729869695,0.00444093211526726
"40",0,3.29166666666667,93,0,0,1.19139402211908,40,1,0.381741366217089,0.0833333333333333,0.0215337180547752,0.0125662645719658,0.013174509862285,0.012392253343139,0.00480820582387668,0.012876256504064,0.00778745816626404,0.00763196074685643,0.00640946299322971,0.010573828421819,0.00424487438216129,0.00509290173907298,0.00492489858933948,0.00294703698738288,0.00436097766036705,0.00431812547523147,0.00433062689702431,0.00425839838419031,0.00430917135556806,0.00425566376911851
"41",0,3.375,92,0,0,1.21639532432449,41,0,0.381741366217089,0.0833333333333333,0.0215337180547752,0.0124330310225369,0.0130850206213863,0.0121910004667577,0.00448505067398594,0.0126494955241933,0.00759686728133257,0.00744351727162542,0.00616816928111692,0.0104314148252044,0.0040577720255408,0.00491717252982227,0.00473545599208647,0.00287774138852992,0.00419965368676892,0.00413959660689588,0.00417144475008137,0.00408800877625107,0.00414741135148641,0.00408374709575705
"42",0,3.45833333333333,91,0,0,1.24078677744865,42,0,0.381741366217089,0.0833333333333333,0.0215337180547752,0.012304408856012,0.0129988967761332,0.011997274081577,0.00418361448845033,0.0124310119745858,0.00741536424075012,0.00726415540965853,0.00593872860887449,0.010294314136178,0.00388249583123372,0.00475135557576207,0.00455887187428407,0.00281926778145006,0.00404925106162265,0.00397371159908782,0.00402304288977614,0.00392963926665959,0.00399672949530346,0.00392400401948376
"43",0,3.54166666666667,90,0,0,1.26459742614237,43,0,0.381741366217089,0.0833333333333333,0.0215337180547752,0.0121801329928528,0.0129159373910771,0.0118106344161506,0.0039024375553859,0.012220344189101,0.00724231522509712,0.00709323410590188,0.00572039504132247,0.0101622073759022,0.00371807856966292,0.00459468490441925,0.00439409136154541,0.00277076093752908,0.00390885864353149,0.00381940025637189,0.00388450178201894,0.0037822470964953,0.0038561788992049,0.00377538051180178
"44",0.0111111111111111,3.625,90,1,0.0111731843575419,1.28785428830664,44,0,0.377499795481343,0.0833333333333333,0.0215337180547752,0.0120599593739686,0.0128359578482345,0.0116306763810546,0.00364015826881967,0.0120170651569575,0.00707714393433182,0.00693017125289263,0.00551248120474221,0.0100348016357684,0.00356364946489492,0.00444646898217916,0.00424015679238385,0.00273149049547397,0.00377765633612133,0.00367569946797749,0.00375499646168136,0.00364489755074646,0.00372491001227633,0.00363693141750166
"45",0.0112359550561798,3.70833333333333,89,1,0.0112994350282486,1.31058253938419,45,1,0.373258224745598,0.0833333333333333,0.0215337180547752,0.0119436628559892,0.0127587881849379,0.0114570261496109,0.00339550653508045,0.0118207792594133,0.00691932521569094,0.00677443706743437,0.00531435271329021,0.0099118274065428,0.00341842291182519,0.00430608206520118,0.00409619754057792,0.00270083444304492,0.00365490449545709,0.00354174082911455,0.00363378517566543,0.00351675095325622,0.00360215894481005,0.00350780738953904
"46",0,3.79166666666667,88,0,0,1.3328056761689,46,1,0.373258224745598,0.0833333333333333,0.0215337180547752,0.0118310353591796,0.0126842716338938,0.0112893381406657,0.00316729762234006,0.0116311193749692,0.00676837951937123,0.00662554834067756,0.00512542322161834,0.00979303623403907,0.00328168870014044,0.00417295671240341,0.00396142099325839,0.00267826513561146,0.00353993474040155,0.00341673988231468,0.0035201995800856,0.00339705143929335,0.00348723738868345,0.00338724360561061
"47",0.0114942528735632,3.875,87,1,0.0115606936416185,1.35454566280531,47,0,0.368967900323235,0.0833333333333333,0.0215337180547752,0.0117218842328605,0.0126122633370158,0.0111272923488005,0.00295442642352132,0.0114477443047239,0.00662386805932472,0.00648306343012537,0.00494515002253024,0.00967819865520999,0.0031528035198898,0.00404657728418977,0.00383510454378587,0.00266333742320654,0.00343214195809573,0.00329998674275443,0.00341363625374314,0.00328511723479958,0.00337952388969875,0.00327454999518334
"48",0,3.95833333333333,84.5,0,0,1.3758230612526,48,1,0.368967900323235,0.0833333333333333,0.0215337180547752,0.0116160308087228,0.0125426292091136,0.0109705919757329,0.00275586210479081,0.0112703364767189,0.00648538857682384,0.00634657788422799,0.00477303012041247,0.00956710237589603,0.00303118356057338,0.00392647428028091,0.00371658847682173,0.00265567853182678,0.00333097733072223,0.00319083790926917,0.00331354933020907,0.00318033221674008,0.00327845626895249,0.00316910275117031
"49",0,4.04166666666667,83.5,0,0,1.39665714815544,49,0,0.368967900323235,0.0833333333333333,0.0215337180547752,0.0115133091169876,0.0124752449312394,0.0108189613236192,0.00257064311372153,0.0110985998941248,0.00635257162106841,0.00621572060826452,0.00460859672114141,0.00945955065751992,0.00291629804608727,0.00381221939422706,0.00360526963882129,0.00265497940476626,0.00323594223757468,0.00308870909395495,0.00321944408352357,0.0030821385661018,0.00318352502390121,0.00307033693759141
"50",0,4.125,82.5,0,0,1.41706601978664,50,0,0.368967900323235,0.0833333333333333,0.0215337180547752,0.0114135647441443,0.0124099950565695,0.0106721439167613,0.0023978725229525,0.0109322582971532,0.00622507727475087,0.00609015049496624,0.00445141608753197,0.00935536088501724,0.00280766357293377,0.00370342118201742,0.00350059580085814,0.00266098725851997,0.00314658290949768,0.00299306892920525,0.00313087132937303,0.00299003035562589,0.00309426756731162,0.00297774003512123
"51",0,4.20833333333333,82,0,0,1.43706668649331,51,0,0.368967900323235,0.0833333333333333,0.0215337180547752,0.0113166538141441,0.0123467722142558,0.0105299008230673,0.00223671368679668,0.0107710535128041,0.00610259226374684,0.00596955345546198,0.00430108471644478,0.00925436329244547,0.00270483913983205,0.00359972125851649,0.00340206063252221,0.00267349914744117,0.00306248573179134,0.00290343343246222,0.00304742252565711,0.00290354793942611,0.00301026318494703,0.00289084629149815
"52",0,4.29166666666667,82,0,0,1.45667515788169,52,0,0.368967900323235,0.0833333333333333,0.0215337180547752,0.0112224420775558,0.0122854763988123,0.010392009150676,0.00208638618976439,0.0106147439701247,0.00598482739941286,0.00585363979613259,0.00415722679963081,0.00915639982617574,0.00260742177405936,0.00350079094892845,0.00330919921588682,0.00269235636362697,0.00298327310751849,0.00281936112699889,0.00296872547459041,0.00282227303248235,0.002931128611531,0.00280923176461275
"53",0,4.375,82,0,0,1.47590651980958,53,0,0.368967900323235,0.0833333333333333,0.0215337180547752,0.0111308040953935,0.0122260143343915,0.0102582606985839,0.00194616206738278,0.0104631033616725,0.00587151530971501,0.00574214189525388,0.00401949193545183,0.00906132312846797,0.00251504267416606,0.00340632833365584,0.00322158403742883,0.00271743952483721,0.00290859980632976,0.00274044873199974,0.00289444054359811,0.00274582438519082,0.00285651414003845,0.00273250996329381
"54",0,4.45833333333333,81,0,0,1.49477500411396,54,0,0.368967900323235,0.0833333333333333,0.0215337180547752,0.0110416225061826,0.0121682989048005,0.0101284607430028,0.00181536228101056,0.010315919434435,0.00576240842186986,0.00563481214020243,0.00388755306292257,0.00896899562666204,0.00242736380066013,0.00331605563420492,0.00313882140350416,0.00274866422474889,0.00283814973505381,0.00266632734787895,0.00282425733484765,0.00267385397254008,0.00278610019227569,0.00266032800519846
"55",0,4.54166666666667,80,0,0,1.5132940518812,55,0,0.368967900323235,0.0833333333333333,0.0215337180547752,0.010954787366394,0.0121122486413756,0.0100024269436344,0.00169335342957729,0.0101729928956415,0.00565727716458589,0.00553142109175834,0.00376110459319743,0.00887928871526851,0.00234407485626941,0.0032297168955419,0.00306054823168812,0.00278597713741708,0.00277163307541762,0.00259665907334041,0.00275789174369824,0.00260604362944987,0.00271959428942745,0.00259236322318489
"56",0,4.625,80,0,0,1.53147637096439,56,0,0.368967900323235,0.0833333333333333,0.0215337180547752,0.0108701955557087,0.0120577872619034,0.00987998835612923,0.00157954468232365,0.0100341364207644,0.00555590836253498,0.0054317558468618,0.00363986071677509,0.00879208201997477,0.00226489060580246,0.00314707592679499,0.00298642917612569,0.00282935248219631,0.00270878374219362,0.00253113399967845,0.00269508335516151,0.00254210207385627,0.00265672837027894,0.00252832016160153
"57",0,4.70833333333333,78.5,0,0,1.54933398836439,57,0,0.368967900323235,0.0833333333333333,0.0215337180547752,0.0107877502396976,0.0120048432546856,0.00976098453878421,0.00147338491768948,0.00989917375260747,0.00545810379951128,0.00533561857523593,0.00352355386739864,0.00870726273405396,0.00218954849271799,0.00306791446765157,0.00291615405011975,0.00287878876717296,0.00264935712156227,0.0024694675353637,0.00263559313481573,0.00248176226755499,0.00259725641237026,0.00246792791235561
"58",0,4.79166666666667,77,0,0,1.5668782980153,58,0,0.368967900323235,0.0833333333333333,0.0215337180547752,0.0107073603834688,0.0119533495026166,0.0096452647430509,0.0013743600544945,0.00976793888174792,0.00536367892997109,0.00524282520871008,0.00341193332595901,0.00862472501891521,0.00211780651550409,0.0029920305523961,0.00284943551361672,0.0029343057388706,0.00259312805510523,0.00241139802042642,0.0025792013768359,0.00242477907193343,0.00254095231772027,0.00241093774775457
"59",0.012987012987013,4.875,77,1,0.0130718954248366,1.58412010444981,59,0,0.364176109409946,0.0833333333333333,0.0215337180547752,0.0106289403106547,0.0119032429428068,0.00953268717873705,0.00128199056248803,0.00964027529978438,0.00527246172139173,0.00515320426497144,0.00330476394972076,0.00854436946160172,0.00204944133204434,0.00291923704741985,0.0027860069971165,0.0029959414740288,0.00253988903949115,0.00235668459560407,0.00252570587698724,0.00237092716172377,0.00248760803008363,0.0023571210131142
"60",0,4.95833333333333,75,0,0,1.60106966276358,60,1,0.364176109409946,0.0833333333333333,0.0215337180547752,0.0105524093028169,0.0118544642578475,0.00942311834590713,0.00119582914021237,0.00951603531786445,0.0051842916122221,0.00506659578992989,0.00320182501393044,0.00846610258295781,0.00198424656446165,0.00284936034132781,0.00272562083691242,0.00306374955597165,0.00248944861605859,0.00230510529586782,0.00247492030296178,0.00231999916497996,0.00243703185534228,0.00230626724721578
"61",0,5.04166666666667,74,0,0,1.6177367152488,61,0,0.364176109409946,0.0833333333333333,0.0215337180547752,0.0104776912349562,0.0118069575953019,0.00931643242645783,0.00111545854893484,0.0093950794438503,0.00509901857218867,0.00498285040497238,0.00310290915437887,0.00838983639097101,0.00192203128060447,0.00278223916956851,0.00266804659952023,0.00313779628377236,0.00244162992778491,0.00225645534197729,0.00242667273809105,0.00227180400183426,0.00238904696040283,0.0022581825030435
"62",0,5.125,74,0,0,1.63413052502447,62,0,0.364176109409946,0.0833333333333333,0.0215337180547752,0.0104047142433358,0.0117606703124232,0.00921251072918328,0.00104048959215934,0.0092772758122504,0.00501650225342391,0.00490182844716796,0.0030078214008031,0.00831548797447078,0.00186261863147749,0.00271772355789984,0.00261306957574047,0.00321815786734274,0.00239626942417347,0.00221054560709265,0.00238080437775907,0.0022261653982482,0.00234349002933677,0.00221268784490723
"63",0,5.20833333333333,73,0,0,1.65025990695436,63,0,0.364176109409946,0.0833333333333333,0.0215337180547752,0.01033341042228,0.0117155527434634,0.00911124118287223,0.000970559230933057,0.00916249966171438,0.004936611222345,0.00482339919201326,0.0029163782921591,0.00824297913294841,0.0018058446266048,0.0026556738710446,0.00256048942706112,0.00330491756595845,0.0023532156970658,0.00216720123840646,0.00233716836053688,0.00218292055410751,0.00230021005827279,0.00216961800119343
"64",0,5.29166666666667,72,0,0,1.66613325611065,64,0,0.364176109409946,0.0833333333333333,0.0215337180547752,0.0102637155470024,0.0116715579872492,0.00901251787261066,0.000905328825821752,0.00905063285547224,0.00485922226346627,0.00474744014961936,0.00282840706579794,0.00817223603876716,0.00175155703161777,0.00259595995463779,0.00251011896909095,0.00339816273177489,0.00231232843252623,0.00212626041632052,0.00229562871840312,0.00214191894773006,0.00225906727296192,0.00212882015471718
"65",0,5.375,70.5,0,0,1.68175857401373,65,0,0.364176109409946,0.0833333333333333,0.0215337180547752,0.0101955688198581,0.0116286417129722,0.00891624061501426,0.00084448249704023,0.00894156344060945,0.00478421974741187,0.00467383642636943,0.00274374491345418,0.00810318892846901,0.00169961437434195,0.00253846036006982,0.00246178307845156,0.00349798172377893,0.00227347746583123,0.00208757323582559,0.0022560594324327,0.0021030212611258,0.00221993215500272,0.00209015285491888
"66",0,5.45833333333333,69,0,0,1.69714349285321,66,0,0.364176109409946,0.0833333333333333,0.0215337180547752,0.0101289126377127,0.0115867619823779,0.00882231456859489,0.000787725594796992,0.00883518524251712,0.00471149505633001,0.00460248014505082,0.00266223829772451,0.00803577182026467,0.00164988504736512,0.00248306164312269,0.00241531771108044,0.00360446066152821,0.00223654192820501,0.00205100069664816,0.00221834358205993,0.00206609841235381,0.0021826845644848,0.00205348503817112
"67",0,5.54166666666667,69,0,0,1.71229529787381,67,0,0.364176109409946,0.0833333333333333,0.0215337180547752,0.0100636923783756,0.0115458790867416,0.00873064987588568,0.000734783272445626,0.00873139749124927,0.00464094606072041,0.0045332699173057,0.00258374232339057,0.0079699222551245,0.00160224649654426,0.00242965772841269,0.00237056902123366,0.0037176799921083,0.00220140947529538,0.00201641379036893,0.00218237257748532,0.00203103068302667,0.00214721294832766,0.00201869514416011
"68",0,5.625,69,0,0,1.72722094809048,68,0,0.364176109409946,0.0833333333333333,0.0215337180547752,0.00999985620427835,0.0115059553972017,0.00864116133431739,0.0006853991555334,0.00863010447686494,0.00457247664238981,0.00446611036297525,0.00250812015853547,0.00790558105917776,0.00155658448618614,0.00237814933261831,0.00232739257164841,0.0038377108481361,0.00216797558861644,0.00198369267409786,0.00214804546611651,0.00199770693047492,0.00211341362492256,0.00198567031778842
"69",0,5.70833333333333,66.5,0,0,1.74192709548018,69,0,0.364176109409946,0.0833333333333333,0.0215337180547752,0.00993735488177006,0.0114669552271759,0.00855376809316219,0.000639334100301884,0.00853121523113748,0.00450599625886183,0.00440091167154494,0.00243524250092878,0.00784269212537996,0.00151279243274376,0.00232844344030885,0.00228565262635313,0.00396461117949028,0.00213614294223476,0.00195272592155059,0.00211526830501901,0.00196602387537118,0.00208119013682306,0.00195430568732429
"70",0,5.79166666666667,64,0,0,1.75642010278275,70,0,0.364176109409946,0.0833333333333333,0.0215337180547752,0.0098761416145818,0.0114288447057255,0.00846839337414537,0.000596365035627623,0.0084346432332828,0.0044414195451007,0.00433758920145078,0.00236498708561954,0.00778120221263063,0.00147077079983367,0.00228045282691646,0.00224522151851213,0.00409842164688111,0.00210582082784384,0.00192340984343077,0.00208395359231131,0.0019358854567181,0.00205045266420993,0.00192450371064639
"71",0.0158730158730159,5.875,63,1,0.016,1.77070606003022,71,0,0.358395536244709,0.0833333333333333,0.0215337180547752,0.00981617189016204,0.0113915916608532,0.00838496421357668,0.000556283882794932,0.00834030613759638,0.00437866594887417,0.00427606311348694,0.00229723823008799,0.00772106076071826,0.00143042654821703,0.00223409562402675,0.00220597908647951,0.00423916127149493,0.00207692463220738,0.00189564786994786,0.00205401975128995,0.00190720224705932,0.00202111749273012,0.00189617358237674
"72",0.0166666666666667,5.95833333333333,60,1,0.0168067226890756,1.78479079991196,72,1,0.352422277307297,0.0833333333333333,0.0215337180547752,0.00975740333772196,0.0113551655118275,0.0083034112240743,0.000518896547869769,0.00824812552109995,0.00431765939648855,0.00421625803497663,0.00223188641367173,0.00766221971964121,0.00139167263511861,0.00218929492271532,0.00216781217192498,0.00438682284185836,0.00204937536161656,0.00186934998915378,0.00202539066179545,0.00187989092162712,0.00199310653004713,0.00186923069557199
"73",0.0173913043478261,6.04166666666667,57.5,1,0.0175438596491228,1.79867991207263,73,1,0.346293194223692,0.0833333333333333,0.0215337180547752,0.00969979559694829,0.0113195371697202,0.00822366837415077,0.000484021981795257,0.00815802664948632,0.00425832798598628,0.00415810275173558,0.00216882788830638,0.0076046333920042,0.00135442755789674,0.00214597841113979,0.00213061417449475,0.00454136808684302,0.00202309920861228,0.00184443223540896,0.00199799523394161,0.00185387377581981,0.0019663468660916,0.00184359615230843
"74",0,6.125,55.5,0,0,1.81237875643079,74,1,0.346293194223692,0.0833333333333333,0.0215337180547752,0.00964331019644741,0.0112846789454277,0.00814567278410361,0.000451491303657326,0.00806993825981752,0.00420060370521057,0.00410152992518135,0.00210796431790923,0.00754825828732428,0.00131861493763675,0.00210407804301908,0.00209428465799344,0.00470272263242697,0.00199802715677261,0.00182081622305548,0.00197176701992767,0.0018290782861243,0.00194077037258712,0.0018191963182389
"75",0,6.20833333333333,53.5,0,0,1.82589247559751,75,0,0.346293194223692,0.0833333333333333,0.0215337180547752,0.00958791044107788,0.0112505644645197,0.00806936453680807,0.000421146982874878,0.00798379235858002,0.00414442217241813,0.00404647583222589,0.00204920244399172,0.00749305298719802,0.00128416313873089,0.00206352973400217,0.00205872900352682,0.00487077076947198,0.00197409461980611,0.00179842872076838,0.0019466438600897,0.00180543671005817,0.00191631333790218,0.00179596241664757
"76",0.02,6.29166666666667,50,1,0.0202020202020202,1.83922600646698,76,0,0.339367330339218,0.0833333333333333,0.0215337180547752,0.00953356130741197,0.0112171685883248,0.00799468650214646,0.00039284207635421,0.00789952403383334,0.00408972239736477,0.00399288012583879,0.00199245377531611,0.00743897802038683,0.00125100492093883,0.00202427308325413,0.002023858105438,0.00504535007035921,0.0019512411116083,0.00177720126267044,0.00192256755980682,0.0017828857212749,0.001892916133729,0.00177383015811311
"77",0,6.375,47,0,0,1.85238409104449,77,1,0.339367330339218,0.0833333333333333,0.0215337180547752,0.0094802293466407,0.0111844673407213,0.0079215841739306,0.000366439516913591,0.00781707128030669,0.00403644656100401,0.00394068561438993,0.00193763429961719,0.0073859957469706,0.00121907712080207,0.00198625111787348,0.00198959507032477,0.00522629450668894,0.00192924658520072,0.00175686799732627,0.0018993467805612,0.00176120309210159,0.00187037532981672,0.0017525683182921
"78",0,6.45833333333333,23.5,0,0,1.8653712865713,78,0,0.339367330339218,0.0833333333333333,0.0215337180547752,0.00942788259430279,0.0111524378401516,0.00785000551828313,0.000341811449532186,0.00773637483640459,0.00398453981212939,0.00388983805807521,0.00188466421559353,0.00733407025080231,0.00118832035961968,0.00194941005800768,0.00195591156808506,0.00541371090872538,0.00190778635292063,0.00173703375626663,0.00187670368385138,0.00174006336031491,0.00184839386425933,0.00173183699433689
